{"schemaVersion":"1.0","appDefinitionTemplate":{"id":"/providers/Microsoft.PowerApps/apps/","type":"Microsoft.PowerApps/apps","tags":{"primaryDeviceWidth":"1366","primaryDeviceHeight":"768","supportsPortrait":"true","supportsLandscape":"true","primaryFormFactor":"Tablet","publisherVersion":"3.22111.19","minimumRequiredApiVersion":"2.2.0","hasComponent":"false","hasUnlockedComponent":"false","isUnifiedRootApp":"false","sienaVersion":"20221116T131007Z-3.22111.19.0"},"properties":{"appVersion":"2022-11-16T13:10:07Z","lifeCycleId":"Published","createdByClientVersion":{"major":3,"minor":22111,"build":19,"revision":0,"majorRevision":0,"minorRevision":0},"minClientVersion":{"major":3,"minor":22111,"build":19,"revision":0,"majorRevision":0,"minorRevision":0},"backgroundColor":"rgba(211, 66, 9, 1)","backgroundImageUri":"/14287945568473646618/Nafe0fe6a-ca88-4ee6-be48-8c62e505dd94-logoSmallFile","displayName":"Sentiment","description":"","commitMessage":"","appUris":{"documentUri":{"value":"/14287945568473646618/Na17c9582-64e3-41da-bf0d-986cb1a31cda-document.msapp"},"imageUris":[],"additionalUris":[]},"createdTime":"0001-01-01T00:00:00Z","lastModifiedTime":"0001-01-01T00:00:00Z","sharedGroupsCount":0,"sharedUsersCount":0,"icons":{"smallIconUri":"/14287945568473646618/Na4a53135-132d-4eab-8140-6c98c45a3538-small.png","mediumIconUri":"/14287945568473646618/Nd6b53f38-9cfe-4ac1-b314-41fa8f944f9f-medium.png","largeIconUri":"/14287945568473646618/N32d4f545-8963-4071-8ef8-3f3c4ee49722-large.png","wideIconUri":"/14287945568473646618/N31f44cff-b39b-4809-8126-ec3e2ef752fd-wide.png"},"connectionReferences":{},"databaseReferences":{"default.cds":{"databaseDetails":{"referenceType":"Environmental","environmentName":"default.cds","overrideValues":{"status":"NotSpecified"}},"dataSources":{"43b0dc67-68af-47ae-9a9c-9e69d396ba3e":{"entitySetName":"msdyn_aimodels","logicalName":"msdyn_aimodel"}},"components":[{"componentName":"msdyn_AIModel","identifier":"f1c549c2-a97e-47a5-b612-c5c2bab0f163","identifierType":"UniqueId"}],"actions":["providers/PowerPlatform.Governance/Operations/Read"]}},"almMode":"Environment","performanceOptimizationEnabled":true,"canConsumeAppPass":true,"enableModernRuntimeMode":false,"executionRestrictions":{"isTeamsOnly":false,"dataLossPreventionEvaluationResult":{"status":"Compliant","lastEvaluationDate":"2022-11-16T12:55:46.3080701Z","violations":[],"violationsByPolicy":[],"violationErrorMessage":"このアプリでは、次のコネクタが使用されます: shared_commondataservice。"}}},"appType":"ClassicCanvasApp","appComponents":[]}}